temperature,humidity,gas,time_hours,usage
31.855,42.029,326.521,0.05,0.42117
32.036,41.398,334.627,0.07,0.44607
32.178,41.649,340.992,0.09,0.44066
31.671,41.93,334.287,0.11,0.4216
32.196,41.295,324.59,0.13,0.42612
32.942,41.859,319.054,0.15,0.40746
33.13,42.422,310.89,0.17,0.43557
33.951,41.355,317.516,0.19,0.44858
33.167,41.943,321.919,0.21,0.41346
32.798,42.531,317.045,0.23,0.40718
32.36,41.972,308.145,0.25,0.41463
32.165,43.115,299.582,0.27,0.37749
31.909,43.223,299.676,0.29,0.38047
32.724,43.945,309.42,0.31,0.39556
32.433,44.294,318.109,0.33,0.42965
31.606,43.543,327.542,0.35,0.43854
31.874,44.168,338.316,0.37,0.43888
31.286,44.189,332.488,0.39,0.39941
31.421,45.198,338.053,0.41,0.40283
31.789,45.438,341.667,0.43,0.40768
32.703,44.452,344.861,0.45,0.46195
32.378,45.571,344.734,0.47,0.452
32.707,45.082,356.533,0.49,0.45445
32.514,45.328,353.316,0.51,0.43382
32.876,44.498,365.126,0.53,0.4248
33.347,44.021,377.53,0.55,0.43359
33.193,44.159,368.458,0.57,0.47754
33.388,43.527,369.022,0.59,0.44547
33.145,42.535,364.79,0.61,0.45984
32.558,43.064,368.513,0.63,0.48011
32.782,43.289,374.311,0.65,0.43533
33.472,44.215,375.285,0.67,0.44473
33.806,45.001,385.731,0.69,0.4835
33.605,44.595,393.476,0.71,0.45617
34.495,45.658,396.388,0.73,0.50267
34.212,46.178,395.652,0.75,0.45325
34.663,47.044,409.077,0.77,0.50745
35.581,47.064,414.888,0.79,0.48336
35.173,47.364,416.509,0.81,0.51763
35.573,47.385,415.578,0.83,0.49046
35.287,46.895,411.203,0.85,0.49669
35.398,47.321,402.592,0.87,0.46816
34.999,47.892,396.934,0.89,0.4652
35.035,48.519,398.95,0.91,0.48874
35.762,47.88,391.95,0.93,0.49802
36.208,48.47,396.815,0.95,0.47836
37.08,48.36,406.556,0.97,0.48787
36.949,49.011,397.326,0.99,0.47109
36.782,49.359,400.562,1.01,0.50067
36.149,48.654,412.614,1.03,0.53199
36.337,48.323,402.949,1.05,0.51798
37.389,48.834,403.254,1.07,0.49653
38.203,47.845,415.068,1.09,0.52472
38.816,47.517,427.345,1.11,0.55329
38.768,48.354,423.661,1.13,0.52825
39.26,48.198,417.483,1.15,0.54895
39.387,48.769,429.143,1.17,0.5506
38.853,48.286,421.013,1.19,0.52955
38.493,48.875,414.103,1.21,0.49959
38.591,48.145,413.917,1.23,0.52633
38.696,48.794,406.626,1.25,0.52963
38.113,49.636,416.462,1.27,0.52218
38.03,49.33,422.632,1.29,0.52988
38.861,49.664,428.53,1.31,0.53986
38.678,49.194,436.849,1.33,0.54777
38.274,50.152,448.019,1.35,0.54896
38.758,49.898,449.79,1.37,0.5357
39.34,49.541,452.094,1.39,0.52439
38.813,50.286,464.318,1.41,0.56324
38.366,49.892,469.758,1.43,0.56595
38.854,48.846,476.952,1.45,0.58883
39.801,47.566,475.437,1.47,0.58004
39.377,47.996,469.976,1.49,0.56174
39.925,46.808,478.395,1.51,0.54829
39.825,45.705,484.54,1.53,0.58561
40.425,46.522,495.321,1.55,0.61379
41.434,47.397,501.142,1.57,0.60393
41.306,47.247,497.726,1.59,0.59375
42.366,48.256,497.9,1.61,0.57679
42.02,47.127,488.424,1.63,0.58994
42.244,46.817,486.748,1.65,0.60401
43.107,46.522,481.67,1.67,0.5963
43.841,47.333,494.887,1.69,0.58184
44.953,48.106,506.829,1.71,0.60529
45.872,47.417,520.385,1.73,0.62275
46.572,46.53,522.673,1.75,0.62007
47.641,45.275,533.699,1.77,0.68465
48.743,45.24,544.672,1.79,0.69912
48.893,45.723,542.319,1.81,0.64879
48.775,45.497,556.418,1.83,0.69702
49.625,45.284,550.104,1.85,0.68294
49.561,45.862,552.008,1.87,0.6659
50.047,46.705,563.247,1.89,0.67639
49.809,46.377,560.721,1.91,0.71904
50.22,45.233,569.945,1.93,0.69749
50.947,44.196,559.94,1.95,0.70986
51.787,43.061,561.718,1.97,0.69848
51.457,43.118,561.049,1.99,0.72686
51.534,42.625,558.428,2.01,0.72201
52.099,41.88,563.319,2.03,0.71103
53.117,41.519,563.74,2.05,0.69382
52.468,42.5,565.76,2.07,0.68158
52.961,43.275,575.116,2.09,0.7042
52.749,44.124,573.318,2.11,0.68528
52.375,44.161,576.846,2.13,0.72906
53.055,43.163,586.647,2.15,0.70857
52.57,43.427,591.514,2.17,0.74163
52.447,42.863,599.178,2.19,0.75408
53.263,42.694,604.091,2.21,0.75153
54.35,41.826,600.505,2.23,0.766
55.096,42.67,604.126,2.25,0.74879
55.854,43.173,614.237,2.27,0.75096
56.873,42.258,605.167,2.29,0.74802
56.367,41.376,608.232,2.31,0.74741
55.934,42.301,599.295,2.33,0.72752
55.263,42.67,600.445,2.35,0.77631
55.484,41.375,598.825,2.37,0.72544
55.892,42.008,597.314,2.39,0.76057
55.246,41.181,604.715,2.41,0.72606
55.62,40.792,618.28,2.43,0.76773
55.715,41.772,626.558,2.45,0.76801
56.137,40.749,630.536,2.47,0.80175
56.015,39.439,620.578,2.49,0.74585
55.824,39.619,610.677,2.51,0.76316
56.4,38.645,616.657,2.53,0.76251
56.878,37.392,614.206,2.55,0.77787
56.35,37.669,624.676,2.57,0.78766
56.431,38.028,630.2,2.59,0.76227
56.559,38.261,643.723,2.61,0.76797
56.181,38.252,656.429,2.63,0.79179
56.718,37.565,653.4,2.65,0.7714
57.671,37.392,645.882,2.67,0.78525
57.807,36.718,637.117,2.69,0.81793
58.0,36.848,641.9,2.71,0.79353
57.973,37.036,642.258,2.73,0.81444
58.0,36.305,646.656,2.75,0.78449
58.0,36.321,657.335,2.77,0.78794
58.0,35.246,654.975,2.79,0.83059
58.0,35.385,666.852,2.81,0.84232
57.499,36.435,657.348,2.83,0.81668
57.918,37.446,664.97,2.85,0.80535
58.0,36.955,654.533,2.87,0.8265
58.0,37.456,643.481,2.89,0.80399
58.0,37.101,652.72,2.91,0.82055
58.0,36.373,661.061,2.93,0.79066
57.801,35.574,657.597,2.95,0.81955
58.0,35.811,652.828,2.97,0.78286
58.0,35.32,644.339,2.99,0.81567
58.0,35.776,656.157,3.01,0.80798
58.0,34.949,660.828,3.03,0.81327
58.0,35.462,665.042,3.05,0.83533
57.222,34.897,662.041,3.07,0.78556
57.73,35.174,663.465,3.09,0.82777
58.0,33.948,670.642,3.11,0.83192
58.0,33.855,666.661,3.13,0.82113
58.0,33.119,654.971,3.15,0.81549
58.0,32.464,660.335,3.17,0.81519
57.204,31.247,649.395,3.19,0.79908
56.526,31.172,650.49,3.21,0.80532
57.365,32.307,651.458,3.23,0.81723
56.684,31.786,639.474,3.25,0.7775
56.234,31.601,633.308,3.27,0.80253
55.445,32.159,633.683,3.29,0.79236
55.386,32.882,643.77,3.31,0.76776
56.021,34.018,632.074,3.33,0.75087
55.523,34.646,644.59,3.35,0.77239
56.043,34.955,652.041,3.37,0.82065
55.25,35.219,646.279,3.39,0.75446
55.528,36.384,657.054,3.41,0.81186
56.316,37.484,648.062,3.43,0.80951
56.575,37.562,638.517,3.45,0.76739
56.376,37.971,650.535,3.47,0.82218
56.472,37.124,656.537,3.49,0.77625
56.963,37.72,665.417,3.51,0.82882
57.023,38.767,665.1,3.53,0.80376
56.383,39.86,670.691,3.55,0.82234
56.254,40.701,680.519,3.57,0.84325
56.691,39.846,686.752,3.59,0.8055
56.285,39.722,680.239,3.61,0.82162
56.45,39.692,678.612,3.63,0.82283
56.186,38.526,666.257,3.65,0.8074
56.427,37.738,655.181,3.67,0.77242
55.776,38.348,664.633,3.69,0.80102
56.304,39.365,673.355,3.71,0.82328
56.786,38.696,670.918,3.73,0.80504
57.46,38.706,673.736,3.75,0.80782
56.873,38.434,675.901,3.77,0.81253
57.681,38.429,662.916,3.79,0.8302
58.0,38.39,670.506,3.81,0.81169
58.0,39.32,670.252,3.83,0.79759
58.0,40.154,666.927,3.85,0.82937
57.289,40.17,659.866,3.87,0.83063
56.552,40.698,662.732,3.89,0.79062
56.742,41.061,651.072,3.91,0.80536
57.1,40.999,659.972,3.93,0.82781
56.201,39.864,667.781,3.95,0.7981
56.266,40.246,658.478,3.97,0.81217
56.922,39.788,654.215,3.99,0.77124
57.051,39.335,659.366,4.01,0.82821
56.619,40.402,648.003,4.03,0.80544
56.82,40.061,645.803,4.05,0.81995
57.461,40.025,634.319,4.07,0.80495
56.939,39.12,644.054,4.09,0.80909
57.507,38.623,648.177,4.11,0.7975
58.0,39.003,636.133,4.13,0.81959
57.342,38.231,634.633,4.15,0.78361
57.383,38.71,629.51,4.17,0.76504
57.181,37.704,627.398,4.19,0.75771
57.482,37.396,628.115,4.21,0.75429
56.797,37.939,632.929,4.23,0.80817
56.686,38.475,632.371,4.25,0.8049
55.714,39.018,641.728,4.27,0.77812
54.697,40.097,651.304,4.29,0.75929
54.594,39.713,659.683,4.31,0.80716
54.475,40.812,661.846,4.33,0.78949
54.823,40.501,661.67,4.35,0.78951
54.048,41.516,656.812,4.37,0.78878
53.945,40.582,650.142,4.39,0.798
53.529,40.699,649.75,4.41,0.74928
54.048,40.117,660.097,4.43,0.81393
53.48,39.805,662.777,4.45,0.77889
52.954,38.925,662.993,4.47,0.79884
51.952,38.863,663.206,4.49,0.77578
51.126,39.061,664.907,4.51,0.74864
50.531,39.104,668.056,4.53,0.80121
49.676,40.295,676.659,4.55,0.7734
48.83,40.661,663.999,4.57,0.74623
48.688,40.839,659.027,4.59,0.73465
48.813,41.559,664.974,4.61,0.73468
48.335,41.628,669.731,4.63,0.76161
48.76,41.133,666.841,4.65,0.74856
49.117,41.655,669.353,4.67,0.77717
49.366,41.526,672.323,4.69,0.7423
48.605,42.463,662.287,4.71,0.78229
47.616,42.282,655.244,4.73,0.76832
46.853,43.077,655.292,4.75,0.77053
47.496,44.412,663.069,4.77,0.76385
48.008,44.119,672.918,4.79,0.73659
47.911,45.083,680.827,4.81,0.74731
47.115,44.779,678.851,4.83,0.75916
46.336,45.43,677.979,4.85,0.74708
45.449,44.981,669.444,4.87,0.7497
45.2,45.834,668.42,4.89,0.745
45.511,46.887,669.7,4.91,0.77847
45.896,46.796,660.728,4.93,0.76623
45.47,48.052,649.549,4.95,0.73431
44.526,49.084,641.98,4.97,0.72626
44.412,49.901,633.375,4.99,0.73738
44.554,50.82,633.431,5.01,0.71463
44.491,52.008,630.708,5.03,0.73045
44.42,52.841,617.814,5.05,0.68273
44.116,52.487,614.162,5.07,0.71415
43.877,53.661,608.495,5.09,0.67353
44.275,53.997,601.775,5.11,0.69234
43.976,53.236,607.271,5.13,0.66948
43.568,54.146,594.341,5.15,0.7033
44.106,53.782,597.337,5.17,0.66027
44.189,53.763,588.525,5.19,0.68009
43.411,52.995,585.528,5.21,0.65303
43.745,51.978,590.375,5.23,0.68297
43.495,51.844,585.814,5.25,0.69737
42.607,52.483,593.744,5.27,0.66633
42.668,53.727,602.369,5.29,0.70837
43.251,52.8,591.803,5.31,0.70212
42.235,53.52,601.742,5.33,0.6967
41.719,53.042,595.265,5.35,0.65714
41.757,53.177,605.403,5.37,0.70038
40.901,53.446,604.174,5.39,0.64779
41.39,54.512,600.607,5.41,0.65746
41.798,53.754,594.278,5.43,0.69864
42.095,53.435,600.371,5.45,0.65256
41.634,52.896,592.434,5.47,0.66093
41.678,53.075,598.676,5.49,0.64538
42.087,52.126,600.593,5.51,0.69383
42.768,51.129,600.338,5.53,0.68142
42.51,52.045,590.132,5.55,0.7022
42.028,51.313,587.067,5.57,0.69183
41.709,50.519,580.175,5.59,0.67029
42.238,51.843,579.352,5.61,0.64636
41.552,51.466,586.881,5.63,0.65621
41.183,52.478,573.551,5.65,0.62899
40.824,51.976,569.317,5.67,0.65878
41.208,52.242,568.302,5.69,0.63102
40.26,52.862,571.704,5.71,0.63679
40.652,51.887,564.427,5.73,0.65185
40.416,52.361,565.967,5.75,0.65322
40.134,51.502,568.771,5.77,0.62241
39.236,50.777,557.67,5.79,0.65305
39.168,50.159,566.095,5.81,0.66319
39.654,51.036,572.62,5.83,0.64887
38.947,51.576,577.763,5.85,0.65162
38.165,52.854,583.148,5.87,0.64112
38.628,53.152,576.92,5.89,0.66441
38.351,53.514,563.75,5.91,0.62095
38.913,53.736,565.166,5.93,0.61207
39.184,54.943,564.687,5.95,0.66201
39.698,54.892,553.443,5.97,0.64519
39.545,55.726,544.151,5.99,0.61623
38.698,54.727,545.419,6.01,0.61259
38.089,55.573,546.474,6.03,0.62038
37.482,55.659,534.98,6.05,0.61013
37.954,56.054,525.052,6.07,0.61172
37.681,56.828,520.614,6.09,0.58489
37.672,56.659,526.077,6.11,0.62113
37.949,56.328,526.596,6.13,0.62402
38.386,56.518,517.008,6.15,0.58743
39.013,57.293,520.292,6.17,0.59734
38.095,57.631,530.826,6.19,0.57564
37.503,56.609,538.051,6.21,0.57911
36.794,55.809,529.283,6.23,0.56622
37.522,55.542,527.339,6.25,0.62013
37.666,55.999,533.485,6.27,0.60582
36.779,56.1,532.169,6.29,0.58338
37.507,55.346,537.003,6.31,0.63141
36.872,54.25,538.866,6.33,0.58174
36.308,54.742,545.953,6.35,0.58142
36.912,54.708,536.902,6.37,0.61139
36.468,54.087,524.936,6.39,0.56752
36.021,54.047,528.739,6.41,0.58034
36.222,55.032,529.765,6.43,0.58675
36.999,55.082,537.267,6.45,0.59974
36.956,55.929,538.706,6.47,0.60569
36.95,56.794,540.619,6.49,0.6115
37.402,56.852,545.991,6.51,0.59839
37.317,56.457,542.523,6.53,0.58839
37.333,55.416,552.036,6.55,0.61684
37.652,54.545,551.563,6.57,0.64341
38.456,54.461,558.535,6.59,0.62604
39.096,54.182,564.191,6.61,0.63251
39.217,54.271,574.067,6.63,0.66135
40.041,53.543,561.662,6.65,0.6448
39.098,54.097,555.655,6.67,0.63441
38.149,55.202,559.238,6.69,0.62591
37.334,55.327,565.019,6.71,0.63686
37.482,55.072,560.301,6.73,0.63523
36.54,55.355,558.469,6.75,0.59302
36.036,56.332,551.504,6.77,0.59859
35.285,55.947,551.168,6.79,0.59338
34.523,54.93,544.923,6.81,0.61507
35.357,54.932,537.272,6.83,0.62077
35.413,55.058,536.085,6.85,0.61343
36.036,55.704,531.329,6.87,0.59247
36.331,55.867,528.468,6.89,0.60814
37.034,56.056,525.388,6.91,0.59368
37.181,56.27,513.001,6.93,0.56441
37.089,57.251,500.926,6.95,0.54706
36.57,56.085,496.257,6.97,0.59092
36.136,55.659,506.039,6.99,0.56926
35.959,55.167,516.801,7.01,0.60276
36.326,54.425,514.349,7.03,0.60773
35.718,54.181,508.461,7.05,0.58714
36.287,54.057,499.202,7.07,0.54516
35.486,53.771,488.319,7.09,0.55228
34.725,54.769,486.774,7.11,0.56839
35.309,55.112,489.827,7.13,0.5618
35.084,54.15,497.927,7.15,0.57756
34.526,53.51,497.06,7.17,0.58276
34.7,53.51,501.523,7.19,0.53578
35.204,53.826,502.409,7.21,0.58783
35.208,53.222,493.678,7.23,0.56641
34.556,53.935,486.816,7.25,0.55629
34.237,54.974,494.27,7.27,0.5577
34.8,55.403,483.318,7.29,0.53646
34.974,54.228,472.176,7.31,0.54881
35.368,53.189,469.246,7.33,0.56643
35.733,53.226,460.844,7.35,0.5628
35.638,52.999,456.183,7.37,0.55152
36.056,52.119,460.566,7.39,0.5691
36.942,51.794,454.551,7.41,0.53749
37.891,51.477,460.038,7.43,0.5559
38.542,50.91,464.642,7.45,0.57192
39.331,50.655,454.169,7.47,0.52682
38.575,51.76,449.186,7.49,0.54077
39.292,52.176,447.493,7.51,0.52828
39.484,52.239,441.009,7.53,0.56533
39.087,51.674,452.876,7.55,0.55333
39.52,52.282,451.298,7.57,0.557
39.909,51.273,449.321,7.59,0.57232
40.065,51.369,442.277,7.61,0.52349
40.706,51.659,437.802,7.63,0.53028
41.164,52.593,430.016,7.65,0.54953
40.552,52.363,437.03,7.67,0.53814
41.301,52.074,427.938,7.69,0.54141
40.899,51.165,423.508,7.71,0.54735
40.6,51.202,431.857,7.73,0.56027
40.389,51.954,435.106,7.75,0.52773
41.121,51.15,425.813,7.77,0.52689
41.899,49.964,428.593,7.79,0.55643
42.309,49.789,429.635,7.81,0.54108
42.39,49.54,431.38,7.83,0.53937
41.753,48.532,437.42,7.85,0.55829
41.06,47.611,433.425,7.87,0.55218
41.632,47.077,432.363,7.89,0.57293
42.693,47.948,429.845,7.91,0.54949
43.566,46.7,431.331,7.93,0.52987
43.687,45.953,422.39,7.95,0.54763
43.563,44.688,423.234,7.97,0.54587
43.018,45.188,418.515,7.99,0.55526
42.614,44.399,408.976,8.01,0.53953
42.959,45.339,422.582,8.03,0.52845
42.482,45.883,414.067,8.05,0.5466
43.133,45.88,427.621,8.07,0.53937
42.599,46.34,432.33,8.09,0.53623
42.934,46.45,433.757,8.11,0.54649
43.003,45.742,446.006,8.13,0.58486
42.976,46.223,449.277,8.15,0.54436
43.715,46.899,447.113,8.17,0.54621
44.065,46.911,454.237,8.19,0.58307
44.549,46.767,450.029,8.21,0.56212
44.136,46.168,447.234,8.23,0.57705
44.344,45.236,448.093,8.25,0.56546
43.961,45.03,453.033,8.27,0.57419
43.96,45.194,456.394,8.29,0.58801
44.298,44.974,469.755,8.31,0.60285
44.689,43.726,462.919,8.33,0.60207
44.24,44.503,463.174,8.35,0.56928
43.687,44.904,468.58,8.37,0.60081
44.476,45.913,471.739,8.39,0.61651
45.519,45.397,476.196,8.41,0.60845
45.805,45.325,485.391,8.43,0.60178
46.256,44.773,490.584,8.45,0.63482
47.278,43.532,484.118,8.47,0.61625
48.085,43.792,485.814,8.49,0.63182
49.084,44.451,486.654,8.51,0.63266
49.706,45.116,490.523,8.53,0.6362
49.429,43.988,500.129,8.55,0.64923
49.157,43.925,505.657,8.57,0.62941
49.292,42.739,506.921,8.59,0.67577
49.48,42.601,518.456,8.61,0.6697
49.238,42.622,530.05,8.63,0.69262
49.828,43.096,539.923,8.65,0.69843
50.212,43.247,529.753,8.67,0.68676
51.25,43.334,532.287,8.69,0.66901
51.641,43.886,536.85,8.71,0.65284
51.947,44.204,539.56,8.73,0.67048
51.343,43.707,546.254,8.75,0.70788
51.069,44.256,544.857,8.77,0.66203
50.865,44.818,544.757,8.79,0.69621
51.878,44.623,552.614,8.81,0.71928
51.962,45.181,548.267,8.83,0.66236
52.943,45.953,542.124,8.85,0.70919
52.406,46.87,551.242,8.87,0.70882
52.485,46.904,541.654,8.89,0.70741
52.033,45.967,531.404,8.91,0.68857
52.523,45.865,537.559,8.93,0.70257
52.475,44.986,543.285,8.95,0.69611
52.246,45.402,556.824,8.97,0.69315
52.958,44.605,549.473,8.99,0.71172
53.614,44.37,554.286,9.01,0.72781
53.918,44.237,551.566,9.03,0.72107
53.667,43.32,543.703,9.05,0.72591
53.619,44.037,545.262,9.07,0.69774
54.165,42.757,542.155,9.09,0.71177
55.011,42.063,548.343,9.11,0.70844
56.085,40.841,557.783,9.13,0.69157
55.488,39.815,567.757,9.15,0.72413
55.136,39.703,575.394,9.17,0.70883
54.898,40.158,578.701,9.19,0.73376
55.994,40.031,591.401,9.21,0.75754
56.858,39.791,593.39,9.23,0.74189
57.886,39.685,595.966,9.25,0.7665
58.0,40.548,592.344,9.27,0.74862
57.515,41.144,602.858,9.29,0.74705
57.871,41.032,615.697,9.31,0.75965
58.0,41.482,608.923,9.33,0.7763
58.0,41.723,615.923,9.35,0.74789
57.882,41.18,616.535,9.37,0.77888
58.0,40.017,628.078,9.39,0.80842
58.0,40.801,622.644,9.41,0.7701
57.809,39.706,626.867,9.43,0.79676
57.343,39.677,626.854,9.45,0.7498
57.734,39.976,628.999,9.47,0.78176
57.459,40.664,636.905,9.49,0.76811
57.488,40.375,639.306,9.51,0.79136
58.0,40.454,631.849,9.53,0.79879
57.311,40.43,623.877,9.55,0.77611
57.5,39.692,624.189,9.57,0.76977
58.0,39.998,618.058,9.59,0.7773
58.0,38.882,622.726,9.61,0.7721
58.0,38.582,625.646,9.63,0.80317
58.0,38.27,615.729,9.65,0.76832
57.316,37.064,614.914,9.67,0.76029
57.606,36.333,609.931,9.69,0.77973
57.915,35.624,610.647,9.71,0.78743
58.0,36.281,614.863,9.73,0.78046
57.868,36.881,605.152,9.75,0.77909
58.0,37.702,607.952,9.77,0.74075
57.686,37.486,617.576,9.79,0.76318
57.909,36.213,621.331,9.81,0.79112
58.0,35.013,632.719,9.83,0.80585
58.0,35.179,622.878,9.85,0.79256
58.0,35.671,623.357,9.87,0.79718
58.0,36.798,616.577,9.89,0.78596
57.471,35.626,617.02,9.91,0.77956
57.614,35.877,610.007,9.93,0.79718
57.244,36.819,600.943,9.95,0.76798
57.213,36.801,609.297,9.97,0.78785
56.596,36.023,597.571,9.99,0.74096
56.996,34.978,602.846,10.01,0.75229
56.713,35.871,600.406,10.03,0.75569
57.666,35.742,613.287,10.05,0.79697
57.308,36.768,624.734,10.07,0.776
56.695,37.548,618.788,10.09,0.75228
56.6,37.48,616.93,10.11,0.78184
56.443,36.986,624.742,10.13,0.77008
57.322,36.215,624.709,10.15,0.77749
57.574,35.888,620.249,10.17,0.80536
56.821,35.15,618.991,10.19,0.78634
57.193,35.739,611.323,10.21,0.73725
57.986,34.745,601.025,10.23,0.74305
57.335,35.704,595.248,10.25,0.73409
57.604,35.506,585.187,10.27,0.75221
57.048,35.887,594.46,10.29,0.77565
57.183,35.373,600.819,10.31,0.76329
57.186,34.834,589.921,10.33,0.7255
56.394,34.126,582.213,10.35,0.71181
56.525,33.268,581.248,10.37,0.74062
56.607,33.649,582.968,10.39,0.71998
56.911,32.712,587.791,10.41,0.73022
56.39,32.186,590.551,10.43,0.74842
56.681,31.218,595.869,10.45,0.7606
56.052,30.779,596.966,10.47,0.72846
55.401,29.7,606.202,10.49,0.72678
55.103,30.22,613.014,10.51,0.74669
54.225,30.617,617.388,10.53,0.74585
54.888,30.332,625.169,10.55,0.7576
55.651,30.3,619.044,10.57,0.74118
54.723,29.456,625.765,10.59,0.75432
54.849,28.778,632.283,10.61,0.78122
54.129,28.543,624.695,10.63,0.73585
53.563,28.94,620.004,10.65,0.75212
53.143,28.722,626.631,10.67,0.7297
53.681,27.987,620.175,10.69,0.75025
53.533,28.129,616.298,10.71,0.73911
53.831,28.98,603.558,10.73,0.71472
53.647,29.761,601.252,10.75,0.74782
53.282,29.963,601.893,10.77,0.74944
52.922,31.028,590.025,10.79,0.74256
53.002,31.453,578.306,10.81,0.71764
52.533,31.674,578.895,10.83,0.74252
51.846,30.962,581.198,10.85,0.6989
51.467,30.601,587.81,10.87,0.74432
51.847,31.832,580.421,10.89,0.71211
52.597,31.394,589.052,10.91,0.72388
53.215,32.335,586.815,10.93,0.74586
53.128,32.787,586.385,10.95,0.70628
52.854,31.698,582.784,10.97,0.70393
52.03,31.314,580.82,10.99,0.69233
51.933,30.495,568.485,11.01,0.71697
52.35,30.576,562.269,11.03,0.6803
51.638,30.257,572.127,11.05,0.70276
51.08,29.356,568.001,11.07,0.7294
51.823,30.626,572.342,11.09,0.68703
51.111,31.896,575.823,11.11,0.71853
51.325,33.062,565.107,11.13,0.7031
51.397,32.458,572.515,11.15,0.69305
51.628,32.128,562.808,11.17,0.69319
52.366,31.478,560.529,11.19,0.67981
52.038,32.306,556.663,11.21,0.67322
51.592,33.082,552.75,11.23,0.68284
52.136,32.791,539.239,11.25,0.65912
52.758,33.462,530.745,11.27,0.7004
51.823,32.971,530.929,11.29,0.66303
50.77,32.322,534.79,11.31,0.65832
51.415,31.623,533.596,11.33,0.67631
51.169,32.52,524.729,11.35,0.64221
50.223,32.085,518.306,11.37,0.65696
50.276,31.927,522.707,11.39,0.69036
49.897,31.713,519.802,11.41,0.67172
49.875,31.85,511.752,11.43,0.67682
49.37,33.159,501.091,11.45,0.61827
49.239,33.522,501.389,11.47,0.62572
48.438,32.451,496.053,11.49,0.61573
48.572,33.476,497.139,11.51,0.63257
49.142,33.458,498.58,11.53,0.64801
48.524,32.664,485.339,11.55,0.64472
47.595,31.759,491.425,11.57,0.62215
47.264,32.759,478.492,11.59,0.62092
47.571,32.571,478.519,11.61,0.64371
47.143,33.193,470.064,11.63,0.59223
46.763,33.782,480.257,11.65,0.60244
46.734,34.942,470.557,11.67,0.57505
46.727,36.115,459.682,11.69,0.59539
46.356,37.112,451.172,11.71,0.58199
46.927,36.655,451.796,11.73,0.56361
46.038,37.678,451.877,11.75,0.60742
45.59,37.947,449.129,11.77,0.60753
45.424,38.32,440.215,11.79,0.56952
44.521,39.387,433.329,11.81,0.54397
44.298,38.783,427.814,11.83,0.53315
44.456,40.005,428.532,11.85,0.56859
44.016,39.01,427.767,11.87,0.56688
44.285,38.156,414.451,11.89,0.55823
44.049,37.476,409.494,11.91,0.51582
43.642,37.981,413.545,11.93,0.52621
43.917,37.428,416.591,11.95,0.54692
43.948,38.692,421.66,11.97,0.55774
43.832,37.66,420.389,11.99,0.55561
43.733,37.49,407.669,12.01,0.51254
43.788,37.167,393.597,12.03,0.51921
43.424,37.27,390.82,12.05,0.53352
43.906,36.568,388.333,12.07,0.55637
43.597,36.21,388.149,12.09,0.54746
42.95,36.274,395.872,12.11,0.51283
43.113,36.307,389.122,12.13,0.53309
42.16,35.571,379.184,12.15,0.48304
42.567,34.527,385.056,12.17,0.49577
42.461,34.471,388.296,12.19,0.49135
42.637,34.533,388.049,12.21,0.52377
42.052,35.635,388.149,12.23,0.53313
41.21,36.079,395.139,12.25,0.4979
40.798,37.144,382.921,12.27,0.47729
39.986,36.786,372.371,12.29,0.50988
39.04,37.572,377.705,12.31,0.4984
38.604,36.838,377.516,12.33,0.49207
39.064,37.983,384.036,12.35,0.49547
39.232,37.076,374.686,12.37,0.47518
39.436,37.971,365.808,12.39,0.50793
38.651,37.176,356.58,12.41,0.47884
38.556,37.256,352.452,12.43,0.46353
37.816,38.026,341.336,12.45,0.44425
38.264,39.049,330.469,12.47,0.45165
38.815,39.102,316.928,12.49,0.42865
38.941,38.332,322.032,12.51,0.44264
38.679,38.193,328.965,12.53,0.45684
38.057,38.33,327.601,12.55,0.4506
37.676,37.393,316.723,12.57,0.46799
38.122,36.795,309.754,12.59,0.46581
38.061,37.048,307.575,12.61,0.44105
38.648,36.596,305.421,12.63,0.42474
38.349,37.196,298.257,12.65,0.44242
38.565,37.246,287.384,12.67,0.41007
38.257,37.821,281.032,12.69,0.40529
38.29,36.87,270.701,12.71,0.38853
37.722,37.656,274.203,12.73,0.40811
37.429,36.922,284.385,12.75,0.38762
36.832,37.649,284.444,12.77,0.42257
35.912,37.063,290.079,12.79,0.41745
36.277,38.28,286.782,12.81,0.38032
36.741,37.695,284.533,12.83,0.4406
36.943,38.854,287.004,12.85,0.41971
37.544,39.121,283.782,12.87,0.40132
37.075,39.389,285.652,12.89,0.44024
36.15,38.446,292.338,12.91,0.43537
35.117,39.246,284.655,12.93,0.38881
35.762,39.169,291.522,12.95,0.4361
36.16,39.193,277.797,12.97,0.39013
35.765,38.407,273.336,12.99,0.42473
35.199,37.352,267.963,13.01,0.36711
35.266,37.381,269.036,13.03,0.38828
34.393,38.604,267.992,13.05,0.37422
34.889,38.464,273.777,13.07,0.39189
33.908,38.537,264.937,13.09,0.39919
33.217,39.363,273.765,13.11,0.37603
33.249,39.01,264.503,13.13,0.36895
32.853,40.232,274.018,13.15,0.40843
33.46,40.273,280.685,13.17,0.36195
32.893,40.821,279.358,13.19,0.37791
32.068,41.367,290.544,13.21,0.39984
32.135,41.157,288.301,13.23,0.36764
32.095,41.561,278.811,13.25,0.40903
31.413,41.432,281.47,13.27,0.38324
31.173,41.124,272.433,13.29,0.39324
31.525,42.31,272.993,13.31,0.34997
31.912,43.428,271.015,13.33,0.36634
31.7,43.633,261.98,13.35,0.34642
31.265,44.492,251.918,13.37,0.34633
30.785,45.032,246.348,13.39,0.3716
30.717,45.841,252.515,13.41,0.35618
30.844,46.543,252.598,13.43,0.3579
30.185,47.337,263.375,13.45,0.33965
29.457,46.507,255.069,13.47,0.34078
29.005,46.706,262.645,13.49,0.35362
28.081,45.659,268.023,13.51,0.38059
27.501,45.795,263.608,13.53,0.33756
27.56,45.222,271.335,13.55,0.33259
28.209,45.649,260.05,13.57,0.36418
27.92,45.364,262.116,13.59,0.35697
28.73,44.837,257.159,13.61,0.35461
28.058,45.216,261.713,13.63,0.32283
28.636,45.992,271.323,13.65,0.36762
28.236,46.585,272.185,13.67,0.35522
28.781,47.184,280.569,13.69,0.34412
28.438,47.967,271.271,13.71,0.33835
29.062,48.288,271.326,13.73,0.33082
29.819,48.842,271.467,13.75,0.37435
29.594,47.692,261.949,13.77,0.34059
29.384,48.666,265.65,13.79,0.38079
29.354,47.78,260.601,13.81,0.38165
30.055,47.112,268.279,13.83,0.36679
29.829,46.698,275.832,13.85,0.37162
30.323,46.862,279.008,13.87,0.37481
30.546,46.807,290.032,13.89,0.37874
30.688,46.378,299.502,13.91,0.37859
30.506,45.648,287.988,13.93,0.37502
31.159,45.571,281.221,13.95,0.35533
31.534,45.441,286.013,13.97,0.41225
30.807,45.442,286.612,13.99,0.35725
31.453,44.607,283.328,14.01,0.40819
30.985,44.487,295.528,14.03,0.41438
30.405,44.75,289.987,14.05,0.35455
29.663,44.123,282.128,14.07,0.35511
29.812,44.277,285.383,14.09,0.35404
30.065,43.22,290.151,14.11,0.37739
30.407,42.187,281.951,14.13,0.35458
29.565,42.992,281.731,14.15,0.36437
29.055,42.962,278.794,14.17,0.38624
29.217,43.912,289.184,14.19,0.36039
29.802,44.276,291.282,14.21,0.37865
29.402,44.649,284.658,14.23,0.36007
29.488,44.299,297.517,14.25,0.36958
29.191,43.184,290.39,14.27,0.37448
29.681,44.174,290.302,14.29,0.36404
29.192,44.305,288.375,14.31,0.39211
28.651,43.102,278.304,14.33,0.36105
28.551,42.33,281.97,14.35,0.35186
29.023,41.82,286.63,14.37,0.36073
29.76,42.113,280.334,14.39,0.36998
30.032,41.722,286.939,14.41,0.40002
29.888,41.278,278.153,14.43,0.34058
29.854,41.386,268.687,14.45,0.36739
29.813,42.346,267.17,14.47,0.36651
30.595,43.036,272.822,14.49,0.34546
30.703,43.222,272.809,14.51,0.3621
30.577,44.149,269.175,14.53,0.36452
30.021,42.961,280.19,14.55,0.36382
29.885,43.378,287.176,14.57,0.36096
29.962,43.333,284.39,14.59,0.39047
29.919,44.273,284.765,14.61,0.36021
29.189,43.158,276.532,14.63,0.34788
29.045,43.479,272.522,14.65,0.37476
28.872,44.569,261.805,14.67,0.33074
29.37,43.957,254.048,14.69,0.36286
28.826,44.897,250.936,14.71,0.32535
29.059,45.932,255.988,14.73,0.35789
29.808,45.756,269.878,14.75,0.38229
29.136,45.344,270.76,14.77,0.36964
28.676,44.247,283.258,14.79,0.33722
28.089,45.056,293.453,14.81,0.37709
28.448,45.512,285.498,14.83,0.36849
27.934,44.276,279.221,14.85,0.33553
27.813,43.446,269.324,14.87,0.34055
27.311,42.154,282.959,14.89,0.33499
28.054,41.398,294.79,14.91,0.35255
28.032,41.326,305.807,14.93,0.39605
28.225,41.882,297.023,14.95,0.37973
27.655,41.788,304.183,14.97,0.3668
27.28,40.876,297.342,14.99,0.357
26.612,41.649,310.907,15.01,0.37568
27.047,41.147,321.851,15.03,0.40493
26.497,41.025,319.5,15.05,0.38258
26.405,41.96,327.402,15.07,0.41366
26.468,41.043,325.019,15.09,0.37093
27.206,41.059,330.67,15.11,0.40602
28.017,41.652,340.154,15.13,0.40504
27.985,42.497,349.362,15.15,0.42886
27.367,43.183,358.412,15.17,0.39029
27.777,42.631,349.34,15.19,0.40633
27.145,43.306,354.268,15.21,0.4129
26.978,43.12,354.996,15.23,0.41031
27.442,43.596,357.623,15.25,0.44531
26.865,42.844,364.524,15.27,0.42491
27.757,42.988,367.306,15.29,0.44129
28.799,41.759,369.65,15.31,0.45366
28.294,40.589,375.704,15.33,0.41921
28.77,40.249,389.408,15.35,0.45867
28.832,40.176,383.299,15.37,0.46295
29.838,40.99,383.416,15.39,0.44863
29.454,41.073,374.563,15.41,0.42721
29.251,41.755,378.072,15.43,0.43192
30.157,42.21,371.729,15.45,0.44507
31.233,42.474,377.229,15.47,0.43389
31.728,41.493,390.488,15.49,0.48705
32.419,42.102,388.903,15.51,0.49408
31.916,40.758,388.007,15.53,0.47562
31.555,39.706,386.741,15.55,0.46288
32.554,40.233,381.854,15.57,0.48428
32.265,39.538,391.004,15.59,0.46938
31.898,38.668,394.821,15.61,0.48505
32.475,37.344,399.155,15.63,0.47291
32.677,38.31,397.394,15.65,0.48669
32.595,37.282,407.15,15.67,0.48421
33.252,36.397,418.721,15.69,0.47521
34.326,37.419,413.91,15.71,0.51778
35.202,36.642,420.471,15.73,0.49328
35.397,37.439,428.072,15.75,0.50863
34.975,37.88,439.205,15.77,0.54253
35.713,38.046,434.156,15.79,0.53334
36.006,38.97,435.161,15.81,0.53327
36.48,39.04,432.889,15.83,0.49844
36.603,39.117,439.402,15.85,0.52257
37.649,39.87,440.625,15.87,0.50994
37.877,40.076,431.937,15.89,0.52762
37.331,39.506,436.526,15.91,0.50329
37.796,39.964,447.321,15.93,0.54921
38.733,40.196,442.201,15.95,0.51128
39.539,40.501,453.209,15.97,0.58272
40.215,40.679,444.051,15.99,0.54722
39.561,41.273,451.751,16.01,0.53695
40.337,41.464,450.735,16.03,0.56454
39.646,40.798,446.48,16.05,0.56513
39.498,40.506,452.076,16.07,0.53027
39.637,40.697,450.932,16.09,0.53925
39.143,40.689,462.773,16.11,0.57942
39.522,40.089,452.297,16.13,0.54947
39.363,38.808,458.414,16.15,0.54367
40.135,38.144,467.016,16.17,0.58413
40.152,38.677,476.813,16.19,0.59896
39.978,37.53,477.264,16.21,0.59869
40.761,37.849,489.55,16.23,0.61135
40.803,38.922,494.669,16.25,0.59748
40.128,38.334,493.278,16.27,0.61269
41.149,38.651,490.516,16.29,0.60151
40.672,39.688,487.094,16.31,0.61364
40.267,40.189,493.568,16.33,0.61195
39.611,39.531,487.776,16.35,0.56179
39.56,38.726,481.597,16.37,0.57969
40.197,39.196,475.559,16.39,0.59533
41.234,39.947,481.157,16.41,0.60391
41.601,40.739,494.494,16.43,0.60866
41.594,41.405,483.488,16.45,0.57426
41.64,40.48,495.676,16.47,0.59121
41.809,41.077,484.669,16.49,0.59107
42.11,40.443,492.222,16.51,0.59073
42.347,39.3,489.797,16.53,0.57199
43.344,39.905,502.783,16.55,0.62638
44.213,39.668,500.311,16.57,0.60846
43.583,40.738,510.237,16.59,0.64586
43.958,41.799,511.551,16.61,0.63486
44.827,42.379,509.177,16.63,0.64564
44.508,42.983,519.657,16.65,0.61704
44.48,43.445,510.285,16.67,0.64218
45.215,43.42,513.34,16.69,0.62893
45.157,43.087,510.736,16.71,0.62656
45.575,42.953,515.804,16.73,0.60711
45.604,43.721,519.948,16.75,0.66552
44.996,43.868,523.043,16.77,0.64203
44.817,44.21,513.43,16.79,0.63052
44.936,43.328,519.402,16.81,0.61468
45.93,42.626,532.077,16.83,0.66156
45.716,42.003,534.176,16.85,0.65039
45.907,42.614,542.685,16.87,0.66507
45.843,42.21,552.004,16.89,0.66794
45.306,42.638,546.582,16.91,0.66741
45.951,42.19,554.392,16.93,0.64599
45.572,41.621,556.598,16.95,0.67789
45.993,41.247,544.935,16.97,0.65986
45.286,40.892,534.599,16.99,0.65067
45.958,40.537,543.77,17.01,0.65826
45.762,39.616,546.265,17.03,0.68467
45.539,40.725,558.923,17.05,0.68547
45.497,40.024,548.518,17.07,0.63799
45.047,40.403,560.308,17.09,0.6493
44.312,40.337,554.139,17.11,0.62647
43.669,40.156,560.07,17.13,0.64501
44.362,40.749,552.562,17.15,0.67066
44.354,40.004,552.138,17.17,0.64087
43.773,39.994,549.803,17.19,0.63586
43.132,40.795,554.813,17.21,0.64621
43.702,39.755,551.439,17.23,0.62716
44.506,40.478,563.357,17.25,0.66098
44.928,39.535,575.494,17.27,0.70213
45.579,40.296,588.036,17.29,0.67405
46.303,40.136,591.419,17.31,0.70083
46.862,39.854,601.326,17.33,0.71828
47.111,39.244,598.525,17.35,0.7004
46.801,38.16,595.628,17.37,0.6894
46.041,37.669,586.07,17.39,0.67478
45.58,38.117,589.771,17.41,0.71655
45.375,39.323,588.664,17.43,0.67324
45.875,39.806,585.707,17.45,0.68509
46.462,39.262,577.313,17.47,0.68373
46.92,38.248,584.411,17.49,0.71858
46.191,37.076,572.218,17.51,0.69486
45.971,37.141,563.701,17.53,0.66429
46.328,36.74,564.919,17.55,0.66976
46.756,37.191,567.948,17.57,0.6735
47.405,37.945,576.837,17.59,0.70875
47.481,37.567,578.085,17.61,0.70839
47.296,38.337,574.634,17.63,0.70018
47.961,39.374,567.557,17.65,0.67614
47.105,39.046,559.971,17.67,0.68235
46.803,39.009,552.522,17.69,0.65952
46.851,39.574,545.546,17.71,0.6348
47.535,39.761,540.585,17.73,0.68104
46.603,40.642,544.137,17.75,0.65439
47.203,40.562,536.944,17.77,0.65093
47.943,40.179,526.89,17.79,0.65538
48.199,39.939,530.15,17.81,0.66634
48.011,40.86,519.808,17.83,0.61929
48.46,40.594,519.937,17.85,0.64788
47.949,40.311,512.063,17.87,0.67238
47.83,41.215,518.502,17.89,0.62253
47.438,41.101,513.644,17.91,0.65453
47.163,41.519,516.429,17.93,0.65674
46.583,42.538,506.723,17.95,0.62829
46.651,43.13,506.698,17.97,0.62948
46.493,42.727,494.579,17.99,0.61007
46.318,43.779,498.408,18.01,0.60465
45.29,43.573,489.816,18.03,0.63695
45.306,43.189,498.71,18.05,0.62673
45.317,43.861,494.164,18.07,0.63489
45.116,43.12,481.418,18.09,0.58467
44.153,44.405,480.599,18.11,0.5886
43.237,45.374,489.418,18.13,0.57167
43.197,45.692,489.688,18.15,0.59747
42.897,45.382,485.068,18.17,0.59448
43.188,44.824,485.024,18.19,0.61777
42.791,44.369,492.685,18.21,0.59646
42.516,45.046,492.175,18.23,0.57386
42.565,46.09,478.547,18.25,0.5765
42.499,46.054,481.966,18.27,0.61274
42.303,45.502,488.435,18.29,0.60254
42.962,45.204,493.64,18.31,0.59567
42.823,45.198,486.22,18.33,0.57114
43.545,44.913,494.419,18.35,0.57667
43.952,45.953,499.9,18.37,0.60615
43.251,45.961,493.142,18.39,0.62135
43.364,46.426,488.66,18.41,0.59133
43.076,46.184,474.818,18.43,0.6001
42.208,47.45,474.343,18.45,0.60765
41.518,48.751,462.763,18.47,0.56412
40.784,49.057,459.525,18.49,0.54222
39.828,49.419,447.991,18.51,0.53053
39.858,49.337,442.466,18.53,0.51967
39.699,49.075,441.246,18.55,0.57303
39.673,49.078,429.858,18.57,0.55656
38.63,49.398,440.375,18.59,0.56132
38.884,49.153,448.905,18.61,0.55651
39.237,48.899,450.91,18.63,0.56946
38.416,50.074,441.773,18.65,0.52009
38.123,49.735,440.508,18.67,0.51344
38.228,50.383,431.436,18.69,0.54311
37.927,49.681,422.188,18.71,0.52118
37.485,49.829,409.483,18.73,0.4992
36.952,50.783,404.239,18.75,0.48105
37.312,51.146,391.679,18.77,0.49024
37.194,51.63,393.944,18.79,0.47457
36.355,50.888,390.844,18.81,0.49969
35.694,50.194,391.447,18.83,0.47419
34.672,49.684,377.644,18.85,0.4899
34.26,49.447,367.506,18.87,0.46102
34.915,49.502,365.707,18.89,0.46041
34.604,49.206,373.74,18.91,0.46509
33.762,48.57,382.723,18.93,0.48554
32.975,48.188,379.083,18.95,0.4516
31.869,47.829,386.686,18.97,0.46693
32.317,47.729,388.519,18.99,0.46508
32.979,47.91,397.254,19.01,0.48064
32.484,48.94,392.682,19.03,0.48802
32.408,49.341,397.416,19.05,0.47517
31.327,50.668,401.65,19.07,0.48659
31.156,51.922,392.324,19.09,0.48736
30.116,51.897,395.22,19.11,0.4782
29.724,52.924,394.328,19.13,0.4488
29.59,54.209,393.502,19.15,0.47715
28.477,53.805,390.679,19.17,0.46862
27.548,53.967,383.284,19.19,0.4205
26.684,54.157,386.406,19.21,0.41423
25.817,55.306,385.102,19.23,0.40326
26.401,56.122,371.812,19.25,0.42581
25.702,57.09,365.534,19.27,0.38793
24.871,57.197,369.915,19.29,0.40429
24.401,58.039,369.588,19.31,0.38202
24.57,57.747,368.242,19.33,0.40196
23.975,58.578,360.958,19.35,0.39553
23.358,57.628,348.746,19.37,0.38043
23.953,56.738,353.725,19.39,0.41333
22.91,56.045,360.037,19.41,0.40281
22.114,55.249,354.775,19.43,0.41189
21.175,55.82,345.689,19.45,0.39961
21.367,56.476,347.161,19.47,0.36764
21.432,55.916,345.71,19.49,0.38644
21.908,55.13,355.261,19.51,0.36722
22.005,55.528,340.957,19.53,0.3507
20.944,55.939,333.724,19.55,0.3412
20.09,56.836,329.907,19.57,0.35917
19.16,56.52,328.018,19.59,0.3261
19.547,56.117,333.772,19.61,0.33307
19.968,56.743,331.631,19.63,0.38408
20.186,56.592,341.6,19.65,0.36117
19.59,55.931,346.677,19.67,0.38521
19.652,55.226,340.371,19.69,0.35301
19.987,55.144,333.056,19.71,0.36809
19.867,54.614,332.322,19.73,0.34082
20.409,55.117,321.689,19.75,0.35775
20.302,55.743,326.032,19.77,0.33591
20.007,57.023,331.511,19.79,0.34214
20.352,56.182,318.105,19.81,0.37824
20.437,56.086,327.931,19.83,0.34058
20.649,56.851,323.884,19.85,0.35887
21.056,57.113,330.371,19.87,0.34235
21.503,56.139,317.472,19.89,0.343
21.449,57.319,317.057,19.91,0.33136
20.96,56.642,316.094,19.93,0.33784
21.324,56.68,317.564,19.95,0.34637
20.535,55.626,319.286,19.97,0.37827
20.947,56.305,316.587,19.99,0.32807
20.451,56.688,309.809,20.01,0.32396
20.402,57.461,315.927,20.03,0.34958
